{
    "f1": 0.32693094041350357,
    "mae": 0.24471145796994753
}
