{
    "f1": 0.03702775620784915,
    "mae": 0.019733982916305792
}
