{
    "f1": 0.654652032600147,
    "mae": 0.23934384336349523
}
