{
    "f1": 0.6456362796631114,
    "mae": 0.10681205004559535
}
