step	f1
0	0.0
1	0.5672119031281382
2	1.1333727352116982
3	2.517310748768004
4	3.699796680903357
5	0.47444954127439987
6	3.8551390450469953
7	5.115061075375786
8	4.121414706168182
9	3.8911835320218913
10	7.69211534387034
11	0.3006698935123172
12	11.317790041934591
13	6.872286111452629
14	9.780317804451808
15	1.137876446396275
16	6.773057631312444
17	2.0696922631935557
18	5.259886126999992
19	11.050141683394468
