step	f1
0	0.0
1	0.24962674658086037
2	0.733731496942513
3	0.9804244927998096
4	0.5059473741620635
5	3.4745069944321645
6	2.3133022829979932
7	2.0393237432238918
8	6.926006873168172
9	6.099041988264303
10	1.0072788297212076
11	3.8220023367713996
12	6.248566624757348
13	6.946367118211703
14	5.336291868552722
15	5.890541838695179
16	15.535626321854917
17	9.19231970603643
18	0.59385382886074
19	11.87500087688062
