step	f1
0	0.0
1	0.6874733810517645
2	1.6429273550805137
3	1.0448358026371456
4	2.339666268783961
5	3.130693294783933
6	4.067530290663653
7	0.8685085380533767
8	6.663715964475916
9	4.738484321199759
10	7.82841023952933
11	6.2781321527123435
12	1.6161763430906384
13	0.44657231407461506
14	13.488890517639476
15	5.30685762298977
16	11.524028333147404
17	11.590731638109718
18	15.810876361837924
19	9.925515255370678
