{
    "mae": 4.790809740451103,
    "segment_A": {
        "f1": 11.87500087688062
    },
    "step": 19
}
