{
    "mae": 9.61390170052926,
    "segment_A": {
        "f1": 11.050141683394468
    },
    "step": 19
}
