{
    "mae": 6.9011322661180525,
    "segment_A": {
        "f1": 9.925515255370678
    },
    "step": 19
}
