step	mae
0	0.0
1	0.6831879461046213
2	0.08026623356465579
3	0.6836187014359035
4	3.01326614107985
5	1.9348023407224413
6	5.488326023836025
7	6.61115553936787
8	4.519121320107672
9	3.2962530985058756
10	5.161939005387706
11	2.6150384386799557
12	2.2749261016645157
13	12.900074018654921
14	10.93724799408205
15	7.4368804892486065
16	15.834394496247088
17	14.057445681961106
18	3.425008828773298
19	9.61390170052926
