step	mae
0	0.0
1	0.7573316870970839
2	1.035794377271618
3	2.5322137281410013
4	0.7133607614645974
5	4.184521760974946
6	2.3464724791621583
7	4.778697307251889
8	7.667036235543086
9	7.405011746661186
10	3.850133526672157
11	9.533272674477113
12	8.852291512360058
13	6.7227250841108095
14	4.116144839199598
15	8.059096778645369
16	7.047194323624739
17	1.6320896808674428
18	7.317532982598573
19	6.9011322661180525
