step	mae
0	0.0
1	0.8289294735784489
2	1.4895564156721357
3	0.9660697244992148
4	1.9314815725805357
5	2.765115630046421
6	3.351847238422215
7	3.9883625356693253
8	7.640344344328685
9	5.40447513568215
10	2.4472250251229077
11	2.6633268110298665
12	10.25088332496113
13	0.8832690285618525
14	13.976611684279042
15	13.802713646285921
16	15.678621806100859
17	14.714760599864888
18	4.000394970021849
19	4.790809740451103
